time,signal,power_demand,windspeed
0.0,-0.021337541131918172,0.02506003292802656,29
0.02506265664160401,0.05761796580581601,0.025052162776081903,32
0.05012531328320802,0.019486028635065357,0.025028557263520882,9
0.07518796992481203,0.17740742858688557,0.02498923121705751,17
0.10025062656641603,0.06104158401001776,0.024934209337534124,34
0.12531328320802004,0.14147458610760041,0.02486352618440666,32
0.15037593984962405,0.14843372708582828,0.02477722615403779,16
0.17543859649122806,0.13100209262758983,0.024675363451811344,38
0.20050125313283207,0.2695244006916739,0.024558002058085712,13
0.22556390977443608,0.23679985770298367,0.024425215688007526,39
0.2506265664160401,0.29131422153791264,0.02427708774521091,46
0.2756892230576441,0.35465847489815233,0.024113711269431334,15
0.3007518796992481,0.36767757801719014,0.02393518887806695,26
0.3258145363408521,0.4001212227154905,0.023741632701724275,25
0.3508771929824561,0.49024224485786927,0.023533164313788463,47
0.37593984962406013,0.34652216860424967,0.023309914654062625,33
0.40100250626566414,0.31433313797380125,0.023072023946523967,39
0.42606516290726815,0.44310848722676655,0.02281964161124872,2
0.45112781954887216,0.4049809162941619,0.022552926170560678,28
0.47619047619047616,0.5293032421490524,0.022272045149462627,34
0.5012531328320802,0.48332980896736366,0.021977174970413516,31
0.5263157894736842,0.33088815155697027,0.02166850084251662,48
0.5513784461152882,0.5973402664261184,0.021346216645188987,14
0.5764411027568922,0.6245190162741421,0.021010524806385045,37
0.6015037593984962,0.6408974382527227,0.020661636175450915,48
0.6265664160401002,0.6156804310505007,0.020299769890689046,21
0.6516290726817042,0.5908118846760564,0.019925153241716564,42
0.6766917293233082,0.6306478133838406,0.019538021526703753,15
0.7017543859649122,0.7325442429018512,0.019138617904582544,38
0.7268170426065163,0.4543915435535204,0.018727193242317308,31
0.7518796992481203,0.7314269774044749,0.018304005957334224,43
0.7769423558897243,0.7799289617083508,0.017869321855208564,43
0.8020050125313283,0.781034786056019,0.01742341396271102,11
0.8270676691729323,0.7641286001556784,0.016966562356318493,11
0.8521303258145363,0.7828179707136339,0.016499053986297085,23
0.8771929824561403,0.6908022731039488,0.016021182496467556,23
0.9022556390977443,0.9491579354145526,0.01553324803976619,37
0.9273182957393483,0.8919741624610099,0.015035557089717932,12
0.9523809523809523,0.7371284708553856,0.014528422247939154,27
0.9774436090225563,0.788281961421325,0.014012162047791044,5
1.0025062656641603,1.1425394550503232,0.013487100754307868,21
1.0275689223057642,0.7354370545437804,0.012953568160524842,4
1.0526315789473684,0.7865617459014713,0.012411899380333657,35
1.0776942355889725,0.76137439729828,0.011862434637996133,8
1.1027568922305764,1.0612764892643871,0.011305519054448376,26
1.1278195488721803,0.8568108772924224,0.010741502430528849,0
1.1528822055137844,0.802286586650105,0.010170739027266673,45
1.1779448621553885,0.9905880880442447,0.009593587343369292,36
1.2030075187969924,1.0888873517114273,0.00901040989004831,5
1.2280701754385963,1.1270512117271099,0.008421572963324353,47
1.2531328320802004,1.034961745569408,0.007827446413955053,48
1.2781954887218046,1.1543715654972386,0.007228403415130591,4
1.3032581453634084,0.9711353415104126,0.0066248202280823065,4
1.3283208020050123,1.0297090078125894,0.006017075965751295,37
1.3533834586466165,0.9617178498407354,0.00540555235466611,25
1.3784461152882206,0.8431306016636009,0.0047906334951788865,46
1.4035087719298245,1.044375631510292,0.004172705620210604,46
1.4285714285714284,1.0295237799257122,0.003552156852656585,6
1.4536340852130325,0.9613350365374147,0.002929376961604613,28
1.4786967418546366,0.9145089642868599,0.00230475711752004,16
1.5037593984962405,0.9721526111173581,0.0016786896465498802,23
1.5288220551378444,0.9387228739897098,0.0010515677841010929,44
1.5538847117794485,1.0060558708056215,0.00042378542784815565,3
1.5789473684210527,0.958941152675131,-0.0002042631096758618,23
1.6040100250626566,1.0076435570115059,-0.0008321833487484054,20
1.6290726817042605,0.9550044664018021,-0.0014595808902315155,14
1.6541353383458646,1.0654124234834808,-0.002086061663295835,7
1.6791979949874687,0.7033916642591439,-0.002711232172937672,31
1.7042606516290726,1.0013278425674044,-0.0033346997471348505,39
1.7293233082706765,1.0925444158227284,-0.003956072783485698,35
1.7543859649122806,0.8369464217314242,-0.004574960995175681,45
1.7794486215538847,0.7330941948500245,-0.005190975656118424,25
1.8045112781954886,1.026470411684232,-0.005803729845115901,26
1.8295739348370925,0.965776585434714,-0.006412838688885203,34
1.8546365914786966,0.8405487941688509,-0.007017919603798772,21
1.8796992481203008,0.8527728565070881,-0.007618592536186741,48
1.9047619047619047,0.8842980491282246,-0.008214480201050478,45
1.9298245614035086,0.9864064287064789,-0.00880520831903625,35
1.9548872180451127,0.8683935972150617,-0.009390405851521677,39
1.9799498746867168,0.8645798838452234,-0.00996970523366647,7
2.0050125313283207,0.9885213137142096,-0.010542742605281763,47
2.0300751879699246,0.8377742745904062,-0.011109158039371736,8
2.0551378446115285,0.9510146970825303,-0.011668595768205114,38
2.080200501253133,1.145835509271996,-0.012220704406774252,22
2.1052631578947367,0.975823424231981,-0.012765137173501528,14
2.1303258145363406,0.9318647934063863,-0.01330155210805467,4
2.155388471177945,0.9048301171315909,-0.013829612286132331,28
2.180451127819549,0.7686710542121322,-0.014348986031088251,27
2.2055137844611528,0.8309472056595023,-0.014859347122258726,25
2.2305764411027567,0.7699228827026449,-0.015360374999862703,7
2.2556390977443606,0.6718756412845446,-0.015851754966346998,7
2.280701754385965,0.664509431597939,-0.01633317838404813,6
2.305764411027569,0.6722420138148819,-0.016804342869050082,12
2.3308270676691727,0.6459071814460083,-0.017264952481112816,31
2.355889724310777,0.4694980660293352,-0.017714717909551647,11
2.380952380952381,0.7240221711304436,-0.01815335665495632,33
2.406015037593985,0.7472618935525015,-0.018580593206629803,30
2.4310776942355887,0.6577909010451675,-0.018996159215636577,11
2.4561403508771926,0.5942596322816095,-0.019399793663354536,5
2.481203007518797,0.6126299527896744,-0.019791243025421068,27
2.506265664160401,0.3668624165236851,-0.020170261430973502,20
2.5313283208020048,0.557472536456637,-0.020536610817081524,44
2.556390977443609,0.48714961328141065,-0.02089006107827407,35
2.581453634085213,0.48361999336253675,-0.02123039021107126,10
2.606516290726817,0.5259766205894182,-0.02155738445342492,28
2.631578947368421,0.4527642573807971,-0.021870838418982796,18
2.6566416040100247,0.44125420172623386,-0.022170555226093513,10
2.681704260651629,0.34159590559898434,-0.022456346621467477,19
2.706766917293233,0.46522542623648444,-0.022728033098420725,46
2.731829573934837,0.2401329936531767,-0.022985444009623796,30
2.756892230576441,0.3871498073719547,-0.02322841767428427,12
2.781954887218045,0.30582645374119083,-0.02345680147970089,16
2.807017543859649,0.21739651493768142,-0.02367045197711995,16
2.832080200501253,0.4265213093658773,-0.0238692349718351,14
2.8571428571428568,0.18158413305483212,-0.024053025607476547,25
2.882205513784461,0.19118185062055826,-0.024221708444432624,42
2.907268170426065,0.2805273890290496,-0.02437517753235914,19
2.932330827067669,0.210236952212376,-0.02451333647672735,1
2.9573934837092732,0.0602070989592807,-0.02463609849936768,15
2.982456140350877,0.1618684585757624,-0.024743386492977554,26
3.007518796992481,0.2458877205520042,-0.02483513306955243,15
3.032581453634085,0.1229592247741752,-0.02491128060271148,34
3.057644110275689,0.19727002977938007,-0.024971781263893975,10
3.082706766917293,0.049705692230283496,-0.025016597052399482,45
3.107769423558897,0.10750788240576763,-0.025045699819257417,40
3.132832080200501,-0.025494349245753025,-0.025059071284907693,5
3.1578947368421053,-0.06165308262416564,-0.025056703050680203,38
3.182957393483709,-0.046752252232376564,-0.025038596604072042,42
3.208020050125313,-0.14417423491041403,-0.025004763317813004,5
3.233082706766917,-0.07682849135322321,-0.024955224442721212,32
3.258145363408521,0.07155207718612329,-0.0248900110943565,28
3.2832080200501252,-0.32255946795504886,-0.024809164233475477,23
3.308270676691729,-0.13826214557560393,-0.02471273464030506,2
3.333333333333333,-0.1795994387955913,-0.024600782882647443,11
3.3583959899749374,-0.17310715490373987,-0.02447337927783523,15
3.3834586466165413,-0.20405599604519636,-0.024330603848566765,49
3.408521303258145,-0.2584258815597355,-0.02417254627264344,9
3.433583959899749,-0.34565879421567636,-0.02399930582664156,2
3.458646616541353,-0.35609930352565305,-0.023810991323557518,1
3.4837092731829573,-0.27256391359754434,-0.02360772104446071,12
3.508771929824561,-0.21568885248326525,-0.02338962266420186,45
3.533834586466165,-0.3935714415903872,-0.02315683317122036,36
3.5588972431077694,-0.29145333138380736,-0.022909498781499033,36
3.5839598997493733,-0.4351987345600773,-0.022647774846727448,37
3.6090225563909772,-0.42270199781832307,-0.022371825756724723,38
3.634085213032581,-0.46367073355714217,-0.022081824836184455,46
3.659147869674185,-0.4363763765919201,-0.021777954235809943,21
3.6842105263157894,-0.6190252942716116,-0.021460404817903567,25
3.7092731829573933,-0.5692053561383209,-0.021129376036486514,10
3.734335839598997,-0.5797995307182479,-0.020785075812021048,13
3.7593984962406015,-0.5974662527277205,-0.020427720400813087,22
3.7844611528822054,-0.458129055211802,-0.020057534259182608,4
3.8095238095238093,-0.5233690190246432,-0.019674749902481414,37
3.834586466165413,-0.5681046110921208,-0.019279607759048578,42
3.859649122807017,-0.7124787269521686,-0.0188723560191974,28
3.8847117794486214,-0.8552282508159528,-0.018453250479325,17
3.9097744360902253,-0.7321739256474564,-0.01802255438124667,6
3.9348370927318292,-0.8347480910608248,-0.017580538246852795,28
3.9598997493734336,-0.6701267280677975,-0.01712747970819145,48
3.9849624060150375,-0.9024704155458559,-0.016663663333088163,3
4.010025062656641,-0.8263201010219204,-0.016189380446407775,45
4.035087719298246,-0.8022083796875852,-0.015704928947070484,9
4.060150375939849,-0.8360978003131725,-0.015210613120942684,28
4.0852130325814535,-0.9416777525687005,-0.014706743449712067,3
4.110275689223057,-0.6126062354590756,-0.014193636415873512,0
4.135338345864661,-0.8644717540410112,-0.0136716143039457,28
4.160401002506266,-0.8567732590964745,-0.013141004998041217,24
4.185463659147869,-0.8442958660073892,-0.012602141775924114,27
4.2105263157894735,-0.9292155278505969,-0.012055363099674365,28
4.235588972431078,-0.9457326602262456,-0.011501012403098865,21
4.260651629072681,-0.8843092494543587,-0.01093943787602103,2
4.285714285714286,-1.1098031764558671,-0.010370992245579636,40
4.31077694235589,-0.7917958039594826,-0.009796032554679701,8
4.335839598997493,-0.74401934254427,-0.009214919937733712,46
4.360902255639098,-0.7807686754441605,-0.0086280193938304,24
4.385964912280701,-1.0030681447367222,-0.00803569955747796,32
4.4110275689223055,-0.9013491108234296,-0.007438332467063324,10
4.43609022556391,-0.9886364776474545,-0.006836293331172805,36
4.461152882205513,-1.0026603932394043,-0.006229960292923276,44
4.486215538847118,-0.9100245847265234,-0.005619714192447833,4
4.511278195488721,-0.925694666561871,-0.005005938327689474,37
4.5363408521303255,-0.9141760636591557,-0.004389018213649676,0
4.56140350877193,-0.9358338351071719,-0.0037693413402447584,21
4.586466165413533,-1.0797617025295714,-0.00314729692892296,4
4.611528822055138,-1.0186731017195663,-0.002523275688191884,32
4.636591478696742,-0.9961309664111828,-0.0018976695682133005,4
4.661654135338345,-1.0384605662366932,-0.001270871514617855,45
4.68671679197995,-1.1084353652741243,-0.0006432752216944393,17
4.711779448621554,-1.1315050577203274,-1.5274885109051173e-05,43
4.7368421052631575,-1.0814424246412566,0.0006127350456909819,26
4.761904761904762,-1.0719046409470492,0.0012403601152319865,35
4.786967418546365,-1.0477631194425328,0.0018672061097733117,40
4.81203007518797,-0.7396242719082536,0.002492879304914264,13
4.837092731829574,-0.945099169372461,0.003116986712893899,12
4.8621553884711775,-0.8972454154037207,0.0037391363294285163,20
4.887218045112782,-1.1905050330141886,0.004358937379930594,7
4.912280701754385,-0.8579919413524204,0.004976000564956118,46
4.93734335839599,-0.9240423190864957,0.0055899383047251505,24
4.962406015037594,-1.0011962554020126,0.006200364982561546,23
4.987468671679197,-0.910066805691199,0.006806897187101424,37
5.012531328320802,-0.8994922095553736,0.007409153953114422,0
5.037593984962406,-0.9029350510344829,0.008006757000789289,34
5.0626566416040095,-0.9960039207767237,0.008599330973334096,44
5.087719298245614,-0.8646038643196913,0.009186503672738155,45
5.112781954887218,-0.8172872739798881,0.009767906293550843,38
5.137844611528822,-0.8470567234186065,0.01034317365453119,37
5.162907268170426,-1.0002394024261505,0.010911944428018183,18
5.1879699248120295,-0.8922424704510658,0.011473861366882887,36
5.213032581453634,-0.936044528644103,0.012028571528916454,21
5.238095238095238,-0.830456004969651,0.012575726498513684,36
5.263157894736842,-0.9156981844126777,0.013114982605516523,28
5.288220551378446,-0.8176707051751986,0.013646001141072117,34
5.313283208020049,-1.0670231223640838,0.014168448570378578,7
5.338345864661654,-0.7050585247275418,0.014681996742179182,19
5.363408521303258,-0.8355870868095201,0.015186323094874332,42
5.3884711779448615,-0.6505160256891889,0.0156811108591266,1
5.413533834586466,-0.9004815148836228,0.016166049256821913,44
5.43859649122807,-0.5660188563465575,0.016640833696270674,16
5.463659147869674,-0.8350427620810397,0.017105165963525737,41
5.488721804511278,-0.7417386459760883,0.017558754409688904,30
5.513784461152882,-0.6680110410518223,0.018001314134096835,38
5.538847117794486,-0.6507397934926117,0.018432567163270797,19
5.56390977443609,-0.5407367192516663,0.018852242625509996,43
5.588972431077694,-0.7327568485864722,0.019260076921028768,2
5.614035087719298,-0.4998773878420303,0.019655813887524465,39
5.639097744360902,-0.6372676764259618,0.02003920496107231,47
5.664160401002506,-0.6756753710584364,0.020410009332252843,5
5.68922305764411,-0.5973621822111987,0.020767994097401876,17
5.7142857142857135,-0.5008579442809075,0.021112934404899864,24
5.739348370927318,-0.5610854243427023,0.021444613596402012,11
5.764411027568922,-0.35840025868490266,0.021762823342920345,35
5.789473684210526,-0.32525674279741257,0.022067363775679943,1
5.81453634085213,-0.43413113105206136,0.022358043611653694,38
5.839598997493734,-0.594880505596417,0.022634680273707852,2
5.864661654135338,-0.31693180748316824,0.022897100005283166,38
5.889724310776942,-0.40474623630769047,0.02314513797952833,18
5.9147869674185465,-0.22663080404745065,0.023378638402828333,20
5.93984962406015,-0.3899260024385837,0.02359745461266277,14
5.964912280701754,-0.32225587657190824,0.023801449169721073,43
5.989974937343358,-0.37315897785404023,0.02399049394423064,16
6.015037593984962,-0.26944105771144755,0.024164470196435764,19
6.040100250626566,-0.1109980315596191,0.024323268651176316,47
6.06516290726817,-0.1688442088500988,0.024466789566528133,49
6.090225563909774,0.026179665449910572,0.024594942796447153,18
6.115288220551378,-0.1371663477300878,0.024707647847392572,33
6.140350877192982,-0.1635496038249152,0.024804833928885155,42
6.165413533834586,-0.051523278280386525,0.0248864399979688,43
6.19047619047619,-0.15536759521861493,0.024952414797556312,36
6.215538847117794,-0.11133600599079746,0.02500271688862013,7
6.2406015037593985,-0.021372492665429527,0.025037314676220414,30
6.265664160401002,-0.06134712932062214,0.02505618642935391,27
6.290726817042606,-0.06147635297680821,0.025059320294599268,6
6.315789473684211,0.1876288292780039,0.025046714303562232,15
6.340852130325814,-0.03584748545045281,0.025018376374116004,8
6.365914786967418,0.09214271337201867,0.02497432430542356,40
6.390977443609022,0.11588912172029288,0.024914585766760103,42
6.416040100250626,0.10083585398880253,0.02483919828013395,30
6.4411027568922306,0.1581065966072173,0.024748209196716553,38
6.466165413533834,0.29052980679514684,0.024641675667105456,15
6.491228070175438,0.2432826869969333,0.024519664605423416,48
6.516290726817042,0.27678751481709174,0.02438225264729156,23
6.541353383458646,0.238028725211994,0.024229526101694265,0
6.5664160401002505,0.19509454976940407,0.024061580896765883,19
6.591478696741854,0.2690398408162738,0.023878522519542394,23
6.616541353383458,0.15054457944244737,0.02368046594970069,29
6.641604010025063,0.32994334942843456,0.02346753558733919,5
6.666666666666666,0.32482486762421986,0.023239865174845692,25
6.69172932330827,0.5054745245745158,0.022997597712889478,35
6.716791979949875,0.3904077204909331,0.02274088537060187,2
6.741854636591478,0.5202317361357842,0.02246988939000208,37
6.7669172932330826,0.46842891377705453,0.022184779984716324,37
6.791979949874686,0.273923400398861,0.021885736233067943,0
6.81704260651629,0.3343406340656989,0.02157294596559775,33
6.842105263157895,0.5516929554180315,0.021246605647084915,39
6.867167919799498,0.6676343724891899,0.020906920253150496,18
6.8922305764411025,0.5189708650813751,0.020554103141507685,49
6.917293233082706,0.5018832026142815,0.020188375917952806,8
6.94235588972431,0.6316930787377825,0.019809968297173963,13
6.967418546365915,0.5045140775826994,0.019419117958464627,21
6.992481203007518,0.8259381143394529,0.01901607039643971,20
7.017543859649122,0.7235277691969431,0.01860107876683631,21
7.042606516290727,0.4674337017214424,0.018174403727505617,41
7.06766917293233,0.9214491089444498,0.017736313274695936,21
7.0927318295739346,0.8525908216227228,0.017287082574720114,5
7.117794486215539,0.7036394404827638,0.01682699379112229,33
7.142857142857142,0.7726057914259549,0.016356335907453057,0
7.167919799498747,0.8241947247773199,0.015875404545754646,40
7.19298245614035,0.7338236499990687,0.015384501780880688,23
7.2180451127819545,0.7179261273623124,0.014883935950762262,10
7.243107769423559,0.7396804207476191,0.014374021462738307,29
7.268170426065162,0.8790677853370327,0.01385507859607743,34
7.293233082706767,0.7871883997513219,0.013327433300806879,31
7.31829573934837,0.9798585916881615,0.012791416992983251,21
7.343358395989974,0.7254095032099434,0.012247366346528954,1
7.368421052631579,1.0193671892496157,0.011695623081764805,21
7.393483709273182,0.698155769130308,0.011136533750776167,5
7.4185463659147866,0.9863790691527705,0.01057044951974051,36
7.443609022556391,0.9943363233176348,0.009997725948358627,19
7.468671679197994,0.9160591343455694,0.009418722766527832,28
7.493734335839599,0.9187132523233379,0.00883380364839259,5
7.518796992481203,1.0343700849914326,0.008243335983919409,30
7.5438596491228065,0.9017644194931341,0.007647690648139138,12
7.568922305764411,1.0375860286339456,0.0070472417681975985,36
7.593984962406014,0.8439049732845721,0.006442366488365381,35
7.619047619047619,0.9697035127303613,0.005833444733152171,3
7.644110275689223,0.986555887878115,0.005220858968674025,34
7.669172932330826,1.026847958204011,0.0046049939624261405,6
7.694235588972431,1.0238590519992965,0.003986236541607957,8
7.719298245614034,0.9305685830028161,0.003364975350155397,20
7.744360902255639,0.8920285378224447,0.0027416006046327435,26
7.769423558897243,1.2195125939075249,0.0021165038491356425,5
7.794486215538846,0.8184010816278203,0.001490077709361104,24
7.819548872180451,0.8672764789336174,0.0008627156459974361,14
7.844611528822055,0.9268293548714558,0.00023481170758998804,37
7.8696741854636585,1.1068018475446575,-0.00039323971696186844,13
7.894736842105263,0.9410457977123178,-0.001021044146122141,43
7.919799498746867,1.0108717856948508,-0.0016482072534935721,31
7.944862155388471,1.1107340452453494,-0.0022743351154957403,8
7.969924812030075,0.9385147020902254,-0.002899034458789751,48
7.994987468671678,1.080597546698775,-0.0035219129072949773,31
8.020050125313283,1.170281023040196,-0.004142579228641696,20
8.045112781954886,0.9996562275032752,-0.004760643579906021,39
8.070175438596491,1.0283955980461672,-0.0053757177524713096,47
8.095238095238095,1.1053855315301697,-0.005987415415863784,22
8.120300751879698,0.8312827644015428,-0.006595352360408979,7
8.145363408521304,0.9848798902274466,-0.007199146738553153,32
8.170426065162907,1.2798374613278352,-0.007798419304705317,15
8.19548872180451,1.091529795196658,-0.008392793653442532,49
8.220551378446114,0.9046926021232807,-0.008981896455930893,30
8.24561403508772,0.8708790540185096,-0.009565357694414467,33
8.270676691729323,1.1623529046566736,-0.010142810894625987,11
8.295739348370926,0.8513269471914053,-0.010713893355971671,44
8.320802005012531,0.7744613464046388,-0.011278246379341217,33
8.345864661654135,0.8561967788186166,-0.011835515492411408,41
8.370927318295738,0.8464846796605477,-0.012385350672291962,10
8.395989974937343,0.8201606443316855,-0.012927406565372446,7
8.421052631578947,0.8812397831178955,-0.013461342704243595,5
8.44611528822055,0.846768984163321,-0.013986823721546915,46
8.471177944862156,0.8871021384096782,-0.014503519560615852,47
8.496240601503759,0.7191142757796746,-0.015011105682789405,12
8.521303258145362,0.8134705261030364,-0.015509263271256901,21
8.546365914786968,0.7989465085641018,-0.015997679431303202,21
8.571428571428571,0.9077238690555599,-0.01647604738684355,7
8.596491228070175,0.6735312527869385,-0.016944066673111158,38
8.62155388471178,0.5780334049008393,-0.017401443325375243,36
8.646616541353383,0.8214318797992564,-0.017847890063586336,27
8.671679197994987,0.5525031900296014,-0.01828312647281749,18
8.69674185463659,0.6901881776751958,-0.018706879179391955,30
8.721804511278195,0.5926708822502564,-0.01911888202258971,42
8.746867167919799,0.7442924186993127,-0.019518876221826742,24
8.771929824561402,0.4258174942036883,-0.01990661053919701,29
8.796992481203008,0.4811983401204575,-0.020281841437269688,47
8.822055137844611,0.7224945895798414,-0.020644333232062106,14
8.847117794486214,0.7048843839801544,-0.020993858241074137,21
8.87218045112782,0.5879518802353704,-0.02133019692628957,37
8.897243107769423,0.5499287737398422,-0.02165313803207547,2
8.922305764411027,0.353475787005599,-0.021962478717873046,47
8.947368421052632,0.389030801972832,-0.02225802468559529,37
8.972431077694235,0.3768426866868506,-0.02253959030167338,18
8.997493734335839,0.463566737553294,-0.022806998713653243,33
9.022556390977442,0.4034938984164972,-0.023060081961274154,9
9.047619047619047,0.3375658253398304,-0.023298681081964895,34
9.072681704260651,0.37456596405056025,-0.02352264621069225,28
9.097744360902254,0.4750685443386079,-0.023731836674092593,48
9.12280701754386,0.4070283816905112,-0.02392612107882186,26
9.147869674185463,0.17932712250127564,-0.02410537739409191,39
9.172932330827066,0.1462399191598049,-0.024269493028318295,27
9.197994987468672,0.19374286382165132,-0.02441836489983197,38
9.223057644110275,0.20751328135661226,-0.024551899501632987,27
9.248120300751879,0.20077509904833968,-0.02467001296012257,29
9.273182957393484,0.036528235718811475,-0.024772631087776692,33
9.298245614035087,0.04307128583398842,-0.024859689429751287,11
9.32330827067669,0.18664068511574788,-0.02493113330436672,24
9.348370927318296,0.1421777100773255,-0.02498691783744557,30
9.3734335839599,0.2114870296938126,-0.025027007990506216,29
9.398496240601503,0.16360089769231287,-0.02505137858277067,20
9.423558897243108,0.07602852498020005,-0.025060014306972744,48
9.448621553884712,0.1547086132729409,-0.025052909738980566,24
9.473684210526315,-0.19283915196906462,-0.025030069341202617,1
9.498746867167918,-0.24964429135541014,-0.02499150745978135,48
9.523809523809524,-0.005853952477363117,-0.0249372483155823,45
9.548872180451127,-0.024688368489996296,-0.02486732598898439,1
9.57393483709273,-0.26849457512511,-0.02478178439847483,7
9.598997493734336,-0.2459917662982758,-0.024680677273055812,2
9.62406015037594,-0.21366915361945393,-0.024564068118504992,27
9.649122807017543,-0.2837738016493273,-0.024432030177487282,39
9.674185463659148,-0.22771710797764402,-0.02428464638354301,45
9.699248120300751,-0.21050330589767224,-0.024122009309004863,7
9.724310776942355,-0.07784034500328946,-0.023944221106852764,25
9.74937343358396,-0.26364481927720673,-0.02375139344654359,32
9.774436090225564,-0.4137636832531453,-0.02354364744387874,7
9.799498746867167,-0.38451169243557926,-0.023321113584930026,7
9.82456140350877,-0.48723434178083147,-0.02308393164407746,22
9.849624060150376,-0.46217614282330327,-0.022832250596216436,8
9.87468671679198,-0.6360532236352995,-0.022566228523189374,1
9.899749373433583,-0.5165550609095712,-0.02228603251449468,35
9.924812030075188,-0.4780648779602235,-0.02199183856232992,28
9.949874686716791,-0.5095511192779913,-0.021683831451057567,10
9.974937343358395,-0.5318072835284351,-0.021362204641141302,22
10.0,-0.6426653796410472,-0.02119801103262331,29
